epoch,train_loss,train_acc,val_loss,val_macro_f1,val_top1,val_bal_acc,val_ece,lr_end,train_time_s,epoch_time_s
1,0.8247916899258043,0.7278010670731707,0.28425726294517517,0.8733638091593253,0.9037417880605542,0.8520909994077005,0.009671759993578487,0.0001,50.62557411193848,57.13120484352112
2,0.3242028200226586,0.8932926829268293,0.2600098252296448,0.8866499189361485,0.9088831762353613,0.8480197222053055,0.012467150533584053,9.70209232285575e-05,49.87922739982605,56.13893413543701
3,0.2080852401828984,0.930640243902439,0.22275499999523163,0.902340838364019,0.9280205655526992,0.889194350646277,0.008702550891023902,8.83705424183074e-05,49.882094383239746,56.23045110702515
4,0.15024638203222576,0.9505525914634146,0.13762034475803375,0.9414681026208469,0.9548700371322479,0.9442453726944012,0.008057512468489443,7.50921079035148e-05,49.56019949913025,55.678701400756836
5,0.1407489519248285,0.953125,0.1167522668838501,0.9550841132688106,0.9642959154527277,0.9465979296795014,0.011108239602443323,5.878719485548585e-05,49.101319313049316,55.273744344711304
6,0.10468564452830612,0.9659870426829268,0.09251760691404343,0.9618302347391463,0.9702942016566696,0.9544899909647899,0.006662810284626291,4.142241642270108e-05,49.18397569656372,55.56466293334961
7,0.07636480082235322,0.9746570121951219,0.09323601424694061,0.9686292777406194,0.9757212225078549,0.9663041670606956,0.009426545437932888,2.5092221160989803e-05,48.8812735080719,55.10865378379822
8,0.05764169358398493,0.9812309451219512,0.0948963388800621,0.9664611400064894,0.9734361610968295,0.9610589517665274,0.01172726250008084,1.1766271626928338e-05,48.61597204208374,54.74379229545593
9,0.04732943833919197,0.9844702743902439,0.08977792412042618,0.9669017118945035,0.9737217937732077,0.9630437087850251,0.010754994284047671,3.05187400439369e-06,48.493441104888916,54.84377980232239
10,0.039292101169050464,0.9866615853658537,0.09208737313747406,0.9690385846489354,0.9757212225078549,0.9676151136804683,0.010587269307817223,1.1325747500956496e-10,48.58497953414917,54.817779779434204
